観測所,現在値(mm),現在時刻
宗谷岬,0.0,2020年07月23日02時50分
稚内,0.0,2020年07月23日02時50分
礼文,0.0,2020年07月23日02時50分
声問,0.0,2020年07月23日02時50分
浜鬼志別,0.0,2020年07月23日02時50分
本泊,0.0,2020年07月23日02時50分
沼川,0.0,2020年07月23日02時50分
沓形,0.0,2020年07月23日02時50分
豊富,0.0,2020年07月23日02時50分
浜頓別,0.0,2020年07月23日02時50分
中頓別,0.0,2020年07月23日02時50分
北見枝幸,0.0,2020年07月23日02時50分
歌登,0.5,2020年07月23日02時50分
幌延,0.0,2020年07月23日02時50分
中川,0.0,2020年07月23日02時50分
音威子府,0.0,2020年07月23日02時50分
小車,0.0,2020年07月23日02時50分
美深,0.0,2020年07月23日02時50分
名寄,0.0,2020年07月23日02時50分
西風連,0.0,2020年07月23日02時50分
下川,0.0,2020年07月23日02時50分
剣淵,0.0,2020年07月23日02時50分
士別,0.0,2020年07月23日02時50分
朝日,0.0,2020年07月23日02時50分
和寒,0.0,2020年07月23日02時50分
江丹別,0.0,2020年07月23日02時50分
比布,0.0,2020年07月23日02時50分
上川,0.0,2020年07月23日02時50分
旭川,0.0,2020年07月23日02時50分
東川,0.0,2020年07月23日02時50分
瑞穂,0.0,2020年07月23日02時50分
層雲峡,1.0,2020年07月23日02時50分
東神楽,0.0,2020年07月23日02時50分
志比内,0.5,2020年07月23日02時50分
美瑛,0.5,2020年07月23日02時50分
上富良野,0.5,2020年07月23日02時50分
白金,0.5,2020年07月23日02時50分
富良野,0.0,2020年07月23日02時50分
麓郷,0.0,2020年07月23日02時50分
金山,0.0,2020年07月23日02時50分
幾寅,0.5,2020年07月23日02時50分
占冠,0.5,2020年07月23日02時50分
朱鞠内,0.0,2020年07月23日02時50分
幌加内,0.0,2020年07月23日02時50分
天塩,0.0,2020年07月23日02時50分
遠別,0.0,2020年07月23日02時50分
初山別,0.0,2020年07月23日02時50分
焼尻,0.0,2020年07月23日02時50分
羽幌,0.0,2020年07月23日02時50分
古丹別,0.0,2020年07月23日02時50分
達布,0.0,2020年07月23日02時50分
留萌,0.0,2020年07月23日02時50分
増毛,0.0,2020年07月23日02時50分
幌糠,0.0,2020年07月23日02時50分
浜益,0.0,2020年07月23日02時50分
厚田,0.0,2020年07月23日02時50分
新篠津,1.0,2020年07月23日02時50分
山口,0.0,2020年07月23日02時50分
石狩,0.0,2020年07月23日02時50分
江別,0.5,2020年07月23日02時50分
手稲山,0.0,2020年07月23日02時50分
札幌,0.0,2020年07月23日02時50分
小金湯,0.0,2020年07月23日02時50分
恵庭島松,0.0,2020年07月23日02時50分
支笏湖畔,0.0,2020年07月23日02時50分
千歳,0.0,2020年07月23日02時50分
石狩沼田,0.0,2020年07月23日02時50分
深川,0.0,2020年07月23日02時50分
雨竜,0.0,2020年07月23日02時50分
新城,0.5,2020年07月23日02時50分
空知吉野,0.0,2020年07月23日02時50分
滝川,0.0,2020年07月23日02時50分
赤平,0.0,2020年07月23日02時50分
芦別,1.5,2020年07月23日02時50分
浦臼,1.0,2020年07月23日02時50分
月形,1.0,2020年07月23日02時50分
美唄,0.0,2020年07月23日02時50分
岩見沢,1.0,2020年07月23日02時50分
栗沢,0.5,2020年07月23日02時50分
長沼,0.5,2020年07月23日02時50分
夕張,0.5,2020年07月23日02時50分
鹿島,0.0,2020年07月23日02時50分
沼の沢,0.0,2020年07月23日02時50分
美国,0.5,2020年07月23日02時50分
神恵内,0.0,2020年07月23日02時50分
余市,0.0,2020年07月23日02時50分
小樽,0.0,2020年07月23日02時50分
赤井川,0.0,2020年07月23日02時50分
共和,0.0,2020年07月23日02時50分
蘭越,0.0,2020年07月23日02時50分
倶知安,0.0,2020年07月23日02時50分
寿都,0.0,2020年07月23日02時50分
ニセコ,0.0,2020年07月23日02時50分
真狩,0.0,2020年07月23日02時50分
喜茂別,0.0,2020年07月23日02時50分
黒松内,0.0,2020年07月23日02時50分
雄武,0.0,2020年07月23日02時50分
興部,0.0,2020年07月23日02時50分
西興部,0.0,2020年07月23日02時50分
紋別,0.0,2020年07月23日02時50分
紋別小向,0.0,2020年07月23日02時50分
湧別,0.0,2020年07月23日02時50分
滝上,0.5,2020年07月23日02時50分
上藻別,0.0,2020年07月23日02時50分
常呂,2.5,2020年07月23日02時50分
遠軽,0.0,2020年07月23日02時50分
佐呂間,0.0,2020年07月23日02時50分
網走,7.5,2020年07月23日02時50分
宇登呂,0.0,2020年07月23日02時50分
丸瀬布,0.5,2020年07月23日02時50分
白滝,0.0,2020年07月23日02時50分
生田原,0.5,2020年07月23日02時50分
仁頃山,1.0,2020年07月23日02時50分
北見,0.5,2020年07月23日02時50分
女満別,0.5,2020年07月23日02時50分
東藻琴,2.5,2020年07月23日02時50分
小清水,0.0,2020年07月23日02時50分
斜里,2.0,2020年07月23日02時50分
留辺蘂,0.0,2020年07月23日02時50分
境野,0.0,2020年07月23日02時50分
美幌,0.0,2020年07月23日02時50分
山園,0.5,2020年07月23日02時50分
置戸常元,0.0,2020年07月23日02時50分
津別,0.0,2020年07月23日02時50分
津別二又,0.0,2020年07月23日02時50分
羅臼,0.0,2020年07月23日02時50分
糸櫛別,0.0,2020年07月23日02時50分
標津,0.5,2020年07月23日02時50分
上標津,0.0,2020年07月23日02時50分
中標津,0.0,2020年07月23日02時50分
根室中標津,0.0,2020年07月23日02時50分
別海,0.5,2020年07月23日02時50分
根室,0.5,2020年07月23日02時50分
納沙布,0.5,2020年07月23日02時50分
厚床,0.5,2020年07月23日02時50分
川湯,2.0,2020年07月23日02時50分
弟子屈,2.0,2020年07月23日02時50分
阿寒湖畔,6.5,2020年07月23日02時50分
標茶,0.5,2020年07月23日02時50分
鶴居,3.5,2020年07月23日02時50分
中徹別,0.0,2020年07月23日02時50分
塘路,0.0,2020年07月23日02時50分
茶内原野,0.0,2020年07月23日02時50分
榊町,1.0,2020年07月23日02時50分
阿寒,0.0,2020年07月23日02時50分
鶴丘,0.0,2020年07月23日02時50分
太田,0.5,2020年07月23日02時50分
二俣,0.0,2020年07月23日02時50分
白糠,0.0,2020年07月23日02時50分
釧路,0.0,2020年07月23日02時50分
知方学,0.5,2020年07月23日02時50分
三股,0.0,2020年07月23日02時50分
小利別,0.0,2020年07月23日02時50分
陸別,0.5,2020年07月23日02時50分
ぬかびら源泉郷,0.0,2020年07月23日02時50分
柏倉,0.0,2020年07月23日02時50分
上螺湾,1.0,2020年07月23日02時50分
上士幌,0.0,2020年07月23日02時50分
足寄,0.0,2020年07月23日02時50分
押帯,0.0,2020年07月23日02時50分
本別,0.0,2020年07月23日02時50分
新得,0.0,2020年07月23日02時50分
鹿追,0.0,2020年07月23日02時50分
駒場,0.0,2020年07月23日02時50分
芽室,0.0,2020年07月23日02時50分
帯広,0.0,2020年07月23日02時50分
池田,0.0,2020年07月23日02時50分
留真,0.0,2020年07月23日02時50分
浦幌,0.0,2020年07月23日02時50分
帯広泉,0.0,2020年07月23日02時50分
糠内,0.0,2020年07月23日02時50分
上札内,0.0,2020年07月23日02時50分
更別,0.0,2020年07月23日02時50分
大津,0.0,2020年07月23日02時50分
大樹,0.0,2020年07月23日02時50分
広尾,0.0,2020年07月23日02時50分
安平,0.5,2020年07月23日02時50分
厚真,0.5,2020年07月23日02時50分
穂別,0.0,2020年07月23日02時50分
大滝,0.5,2020年07月23日02時50分
森野,0.0,2020年07月23日02時50分
苫小牧,0.0,2020年07月23日02時50分
大岸,0.0,2020年07月23日02時50分
洞爺湖温泉,0.0,2020年07月23日02時50分
カルルス,0.0,2020年07月23日02時50分
白老,0.0,2020年07月23日02時50分
鵡川,0.0,2020年07月23日02時50分
伊達,0.0,2020年07月23日02時50分
登別,0.0,2020年07月23日02時50分
室蘭,0.0,2020年07月23日02時50分
日高,0.0,2020年07月23日02時50分
仁世宇,0.0,2020年07月23日02時50分
旭,0.5,2020年07月23日02時50分
日高門別,0.0,2020年07月23日02時50分
新和,0.0,2020年07月23日02時50分
笹山,0.0,2020年07月23日02時50分
静内,0.0,2020年07月23日02時50分
三石,0.0,2020年07月23日02時50分
中杵臼,0.0,2020年07月23日02時50分
浦河,0.0,2020年07月23日02時50分
目黒,0.0,2020年07月23日02時50分
幌満,0.0,2020年07月23日02時50分
えりも岬,0.5,2020年07月23日02時50分
長万部,0.0,2020年07月23日02時50分
八雲,0.0,2020年07月23日02時50分
森,0.0,2020年07月23日02時50分
大沼,0.0,2020年07月23日02時50分
川汲,0.0,2020年07月23日02時50分
北斗,0.0,2020年07月23日02時50分
函館,0.0,2020年07月23日02時50分
高松,0.0,2020年07月23日02時50分
戸井泊,0.0,2020年07月23日02時50分
知内,0.0,2020年07月23日02時50分
木古内,0.0,2020年07月23日02時50分
千軒,0.0,2020年07月23日02時50分
松前,0.0,2020年07月23日02時50分
熊石,0.0,2020年07月23日02時50分
せたな,0.0,2020年07月23日02時50分
今金,0.0,2020年07月23日02時50分
奥尻,0.0,2020年07月23日02時50分
米岡,0.0,2020年07月23日02時50分
潮見,0.0,2020年07月23日02時50分
鶉,0.0,2020年07月23日02時50分
江差,0.0,2020年07月23日02時50分
石崎,0.0,2020年07月23日02時50分
大間,0.0,2020年07月23日02時50分
湯野川,0.0,2020年07月23日02時50分
むつ,0.0,2020年07月23日02時50分
小田野沢,0.0,2020年07月23日02時50分
今別,0.0,2020年07月23日02時50分
脇野沢,0.0,2020年07月23日02時50分
市浦,0.0,2020年07月23日02時50分
蟹田,0.0,2020年07月23日02時50分
五所川原,0.0,2020年07月23日02時50分
青森,0.0,2020年07月23日02時50分
大和山,0.0,2020年07月23日02時50分
野辺地,0.0,2020年07月23日02時50分
六ケ所,0.0,2020年07月23日02時50分
鰺ケ沢,0.0,2020年07月23日02時50分
青森大谷,0.0,2020年07月23日02時50分
七戸,0.5,2020年07月23日02時50分
深浦,0.0,2020年07月23日02時50分
岳,0.0,2020年07月23日02時50分
弘前,0.5,2020年07月23日02時50分
黒石,0.5,2020年07月23日02時50分
酸ケ湯,0.5,2020年07月23日02時50分
三沢,0.0,2020年07月23日02時50分
大鰐,0.5,2020年07月23日02時50分
温川,0.0,2020年07月23日02時50分
十和田,0.0,2020年07月23日02時50分
八戸,0.0,2020年07月23日02時50分
碇ケ関,0.0,2020年07月23日02時50分
休屋,0.0,2020年07月23日02時50分
戸来,0.0,2020年07月23日02時50分
三戸,0.0,2020年07月23日02時50分
八森,0.5,2020年07月23日02時50分
藤里,0.5,2020年07月23日02時50分
陣場,0.0,2020年07月23日02時50分
藤原,0.0,2020年07月23日02時50分
能代,0.0,2020年07月23日02時50分
鷹巣,0.0,2020年07月23日02時50分
大館,0.0,2020年07月23日02時50分
鹿角,0.0,2020年07月23日02時50分
脇神,0.0,2020年07月23日02時50分
湯瀬,0.0,2020年07月23日02時50分
八幡平,0.0,2020年07月23日02時50分
男鹿真山,0.0,2020年07月23日02時50分
男鹿,0.5,2020年07月23日02時50分
大潟,0.0,2020年07月23日02時50分
五城目,0.0,2020年07月23日02時50分
阿仁合,0.0,2020年07月23日02時50分
比立内,0.0,2020年07月23日02時50分
桧木内,0.0,2020年07月23日02時50分
秋田,0.0,2020年07月23日02時50分
岩見三内,0.0,2020年07月23日02時50分
仁別,0.0,2020年07月23日02時50分
鎧畑,0.0,2020年07月23日02時50分
田沢湖高原,0.0,2020年07月23日02時50分
雄和,0.0,2020年07月23日02時50分
角館,0.0,2020年07月23日02時50分
田沢湖,0.0,2020年07月23日02時50分
大正寺,0.0,2020年07月23日02時50分
大曲,0.0,2020年07月23日02時50分
本荘,0.0,2020年07月23日02時50分
東由利,0.0,2020年07月23日02時50分
横手,0.0,2020年07月23日02時50分
にかほ,0.0,2020年07月23日02時50分
矢島,0.0,2020年07月23日02時50分
笹子,0.0,2020年07月23日02時50分
湯沢,0.0,2020年07月23日02時50分
東成瀬,0.0,2020年07月23日02時50分
湯の岱,0.0,2020年07月23日02時50分
種市,0.0,2020年07月23日02時50分
軽米,0.0,2020年07月23日02時50分
二戸,0.0,2020年07月23日02時50分
大野,0.0,2020年07月23日02時50分
山形,0.0,2020年07月23日02時50分
久慈,0.0,2020年07月23日02時50分
荒屋,0.0,2020年07月23日02時50分
奥中山,0.0,2020年07月23日02時50分
葛巻,0.0,2020年07月23日02時50分
下戸鎖,0.0,2020年07月23日02時50分
普代,0.0,2020年07月23日02時50分
岩手松尾,0.0,2020年07月23日02時50分
一方井,0.0,2020年07月23日02時50分
好摩,0.0,2020年07月23日02時50分
岩泉,0.0,2020年07月23日02時50分
小本,0.0,2020年07月23日02時50分
葛根田,0.0,2020年07月23日02時50分
滝沢,0.0,2020年07月23日02時50分
薮川,0.0,2020年07月23日02時50分
雫石,0.0,2020年07月23日02時50分
盛岡,0.0,2020年07月23日02時50分
区界,0.0,2020年07月23日02時50分
刈屋,0.0,2020年07月23日02時50分
宮古,0.0,2020年07月23日02時50分
沢内,0.0,2020年07月23日02時50分
紫波,0.0,2020年07月23日02時50分
川井,0.0,2020年07月23日02時50分
豊沢,0.0,2020年07月23日02時50分
花巻,0.0,2020年07月23日02時50分
大迫,0.0,2020年07月23日02時50分
附馬牛,0.0,2020年07月23日02時50分
大槌,0.0,2020年07月23日02時50分
山田,0.0,2020年07月23日02時50分
湯田,0.0,2020年07月23日02時50分
遠野,0.0,2020年07月23日02時50分
新町,0.0,2020年07月23日02時50分
金ヶ崎,0.0,2020年07月23日02時50分
北上,0.0,2020年07月23日02時50分
米里,0.0,2020年07月23日02時50分
釜石,0.0,2020年07月23日02時50分
若柳,0.0,2020年07月23日02時50分
江刺,0.0,2020年07月23日02時50分
住田,0.0,2020年07月23日02時50分
祭畤,0.0,2020年07月23日02時50分
衣川,0.0,2020年07月23日02時50分
大東,0.0,2020年07月23日02時50分
陸前高田,0.0,2020年07月23日02時50分
大船渡,0.0,2020年07月23日02時50分
一関,0.0,2020年07月23日02時50分
千厩,0.0,2020年07月23日02時50分
駒ノ湯,0.0,2020年07月23日02時50分
気仙沼,0.0,2020年07月23日02時50分
鴬沢,0.0,2020年07月23日02時50分
川渡,0.0,2020年07月23日02時50分
築館,0.0,2020年07月23日02時50分
米山,0.0,2020年07月23日02時50分
志津川,0.0,2020年07月23日02時50分
加美,0.0,2020年07月23日02時50分
古川,0.0,2020年07月23日02時50分
桃生,0.0,2020年07月23日02時50分
雄勝,0.0,2020年07月23日02時50分
泉ケ岳,0.0,2020年07月23日02時50分
大衡,0.0,2020年07月23日02時50分
鹿島台,0.0,2020年07月23日02時50分
東松島,0.0,2020年07月23日02時50分
石巻,0.0,2020年07月23日02時50分
女川,0.0,2020年07月23日02時50分
新川,0.0,2020年07月23日02時50分
塩釜,0.0,2020年07月23日02時50分
江ノ島,0.0,2020年07月23日02時50分
仙台,0.0,2020年07月23日02時50分
岩沼,0.0,2020年07月23日02時50分
名取,0.0,2020年07月23日02時50分
白石,0.0,2020年07月23日02時50分
蔵王,0.0,2020年07月23日02時50分
亘理,0.0,2020年07月23日02時50分
丸森,0.0,2020年07月23日02時50分
筆甫,0.0,2020年07月23日02時50分
飛島,0.0,2020年07月23日02時50分
酒田,0.0,2020年07月23日02時50分
酒田大沢,0.5,2020年07月23日02時50分
差首鍋,0.0,2020年07月23日02時50分
浜中,0.0,2020年07月23日02時50分
金山,0.0,2020年07月23日02時50分
鶴岡,0.5,2020年07月23日02時50分
狩川,0.0,2020年07月23日02時50分
新庄,0.0,2020年07月23日02時50分
瀬見,0.0,2020年07月23日02時50分
向町,0.0,2020年07月23日02時50分
櫛引,0.0,2020年07月23日02時50分
肘折,0.0,2020年07月23日02時50分
尾花沢,0.0,2020年07月23日02時50分
鼠ケ関,2.5,2020年07月23日02時50分
荒沢,0.0,2020年07月23日02時50分
村山,0.0,2020年07月23日02時50分
東根,0.0,2020年07月23日02時50分
大井沢,0.0,2020年07月23日02時50分
左沢,0.0,2020年07月23日02時50分
山形,0.0,2020年07月23日02時50分
長井,0.0,2020年07月23日02時50分
上山中山,0.0,2020年07月23日02時50分
小国,0.0,2020年07月23日02時50分
高畠,0.0,2020年07月23日02時50分
中津川,0.0,2020年07月23日02時50分
高峰,0.0,2020年07月23日02時50分
米沢,0.0,2020年07月23日02時50分
茂庭,0.0,2020年07月23日02時50分
梁川,0.0,2020年07月23日02時50分
新地,0.0,2020年07月23日02時50分
桧原,0.0,2020年07月23日02時50分
福島,0.0,2020年07月23日02時50分
相馬,0.0,2020年07月23日02時50分
喜多方,0.0,2020年07月23日02時50分
鷲倉,0.0,2020年07月23日02時50分
飯舘,0.0,2020年07月23日02時50分
原町,0.0,2020年07月23日02時50分
西会津,0.0,2020年07月23日02時50分
猪苗代,0.0,2020年07月23日02時50分
二本松,0.0,2020年07月23日02時50分
津島,0.0,2020年07月23日02時50分
金山,0.0,2020年07月23日02時50分
若松,0.0,2020年07月23日02時50分
船引,0.0,2020年07月23日02時50分
浪江,0.0,2020年07月23日02時50分
只見,0.0,2020年07月23日02時50分
湖南,0.0,2020年07月23日02時50分
郡山,0.0,2020年07月23日02時50分
川内,0.0,2020年07月23日02時50分
富岡,0.0,2020年07月23日02時50分
南郷,0.0,2020年07月23日02時50分
湯本,0.0,2020年07月23日02時50分
長沼,0.0,2020年07月23日02時50分
玉川,0.0,2020年07月23日02時50分
小野新町,0.0,2020年07月23日02時50分
川前,0.0,2020年07月23日02時50分
広野,0.0,2020年07月23日02時50分
田島,0.0,2020年07月23日02時50分
白河,0.0,2020年07月23日02時50分
石川,0.0,2020年07月23日02時50分
桧枝岐,0.0,2020年07月23日02時50分
舘岩,0.0,2020年07月23日02時50分
古殿,0.0,2020年07月23日02時50分
平,0.0,2020年07月23日02時50分
東白川,0.0,2020年07月23日02時50分
山田,0.0,2020年07月23日02時50分
小名浜,0.0,2020年07月23日02時50分
花園,0.0,2020年07月23日02時50分
北茨城,0.0,2020年07月23日02時50分
大子,0.0,2020年07月23日02時50分
徳田,0.0,2020年07月23日02時50分
大能,0.0,2020年07月23日02時50分
常陸大宮,0.0,2020年07月23日02時50分
中野,0.0,2020年07月23日02時50分
日立,0.0,2020年07月23日02時50分
門井,0.0,2020年07月23日02時50分
笠間,0.0,2020年07月23日02時50分
水戸,0.0,2020年07月23日02時50分
古河,0.0,2020年07月23日02時50分
下館,0.0,2020年07月23日02時50分
柿岡,0.0,2020年07月23日02時50分
美野里,0.0,2020年07月23日02時50分
下妻,0.5,2020年07月23日02時50分
鉾田,0.0,2020年07月23日02時50分
坂東,0.0,2020年07月23日02時50分
つくば,0.0,2020年07月23日02時50分
土浦,0.0,2020年07月23日02時50分
江戸崎,0.0,2020年07月23日02時50分
鹿嶋,0.0,2020年07月23日02時50分
龍ケ崎,0.0,2020年07月23日02時50分
那須高原,0.0,2020年07月23日02時50分
五十里,0.0,2020年07月23日02時50分
黒磯,0.0,2020年07月23日02時50分
土呂部,0.0,2020年07月23日02時50分
大田原,0.0,2020年07月23日02時50分
奥日光,0.0,2020年07月23日02時50分
今市,0.0,2020年07月23日02時50分
塩谷,0.0,2020年07月23日02時50分
足尾,0.0,2020年07月23日02時50分
高根沢,0.0,2020年07月23日02時50分
那須烏山,0.0,2020年07月23日02時50分
鹿沼,0.0,2020年07月23日02時50分
宇都宮,0.0,2020年07月23日02時50分
葛生,0.0,2020年07月23日02時50分
真岡,0.0,2020年07月23日02時50分
足利,0.0,2020年07月23日02時50分
佐野,0.0,2020年07月23日02時50分
栃木,0.0,2020年07月23日02時50分
小山,0.0,2020年07月23日02時50分
藤原,0.0,2020年07月23日02時50分
みなかみ,0.0,2020年07月23日02時50分
片品,0.0,2020年07月23日02時50分
草津,0.0,2020年07月23日02時50分
沼田,0.0,2020年07月23日02時50分
中之条,0.0,2020年07月23日02時50分
田代,0.0,2020年07月23日02時50分
榛名山,0.0,2020年07月23日02時50分
前橋,0.0,2020年07月23日02時50分
黒保根,0.0,2020年07月23日02時50分
桐生,0.0,2020年07月23日02時50分
上里見,0.0,2020年07月23日02時50分
伊勢崎,0.0,2020年07月23日02時50分
西野牧,0.0,2020年07月23日02時50分
藤岡,0.0,2020年07月23日02時50分
館林,0.0,2020年07月23日02時50分
神流,0.0,2020年07月23日02時50分
寄居,0.0,2020年07月23日02時50分
熊谷,0.5,2020年07月23日02時50分
上吉田,0.0,2020年07月23日02時50分
鴻巣,0.5,2020年07月23日02時50分
久喜,0.5,2020年07月23日02時50分
三峰,0.0,2020年07月23日02時50分
秩父,0.0,2020年07月23日02時50分
浦山,0.0,2020年07月23日02時50分
ときがわ,0.0,2020年07月23日02時50分
鳩山,1.5,2020年07月23日02時50分
飯能,0.0,2020年07月23日02時50分
さいたま,0.0,2020年07月23日02時50分
越谷,0.5,2020年07月23日02時50分
所沢,0.0,2020年07月23日02時50分
小河内,0.0,2020年07月23日02時50分
小沢,0.0,2020年07月23日02時50分
青梅,0.0,2020年07月23日02時50分
練馬,0.5,2020年07月23日02時50分
八王子,0.0,2020年07月23日02時50分
府中,0.0,2020年07月23日02時50分
世田谷,0.0,2020年07月23日02時50分
東京,1.0,2020年07月23日02時50分
江戸川臨海,0.5,2020年07月23日02時50分
羽田,1.0,2020年07月23日02時50分
大島,0.0,2020年07月23日02時50分
大島北ノ山,0.0,2020年07月23日02時50分
利島,0.0,2020年07月23日02時50分
新島,0.0,2020年07月23日02時50分
神津島,0.0,2020年07月23日02時50分
三宅島,0.0,2020年07月23日02時50分
三宅坪田,0.0,2020年07月23日02時50分
八重見ヶ原,0.0,2020年07月23日02時50分
八丈島,0.0,2020年07月23日02時50分
青ヶ島,0.0,2020年07月23日02時50分
父島,0.0,2020年07月23日02時50分
母島,0.0,2020年07月23日02時50分
我孫子,0.0,2020年07月23日02時50分
香取,0.0,2020年07月23日02時50分
東庄,0.0,2020年07月23日02時50分
船橋,0.5,2020年07月23日02時50分
佐倉,0.0,2020年07月23日02時50分
成田,0.0,2020年07月23日02時50分
銚子,0.0,2020年07月23日02時50分
横芝光,0.0,2020年07月23日02時50分
千葉,0.0,2020年07月23日02時50分
茂原,0.0,2020年07月23日02時50分
木更津,0.0,2020年07月23日02時50分
牛久,0.0,2020年07月23日02時50分
坂畑,0.0,2020年07月23日02時50分
大多喜,0.0,2020年07月23日02時50分
鋸南,0.0,2020年07月23日02時50分
鴨川,0.0,2020年07月23日02時50分
勝浦,0.0,2020年07月23日02時50分
館山,0.0,2020年07月23日02時50分
相模湖,0.0,2020年07月23日02時50分
相模原中央,0.0,2020年07月23日02時50分
日吉,0.0,2020年07月23日02時50分
丹沢湖,0.0,2020年07月23日02時50分
海老名,0.0,2020年07月23日02時50分
横浜,0.0,2020年07月23日02時50分
平塚,0.0,2020年07月23日02時50分
辻堂,0.0,2020年07月23日02時50分
箱根,0.0,2020年07月23日02時50分
小田原,0.0,2020年07月23日02時50分
三浦,0.0,2020年07月23日02時50分
野沢温泉,0.0,2020年07月23日02時50分
信濃町,0.0,2020年07月23日02時50分
飯山,0.0,2020年07月23日02時50分
小谷,0.0,2020年07月23日02時50分
白馬,0.0,2020年07月23日02時50分
鬼無里,0.0,2020年07月23日02時50分
長野,0.0,2020年07月23日02時50分
笠岳,,2020年07月23日02時50分
大町,0.0,2020年07月23日02時50分
信州新町,0.0,2020年07月23日02時50分
菅平,0.0,2020年07月23日02時50分
聖高原,0.0,2020年07月23日02時50分
上田,0.0,2020年07月23日02時50分
穂高,0.0,2020年07月23日02時50分
東御,0.0,2020年07月23日02時50分
軽井沢,0.0,2020年07月23日02時50分
上高地,0.5,2020年07月23日02時50分
松本,0.0,2020年07月23日02時50分
松本今井,0.0,2020年07月23日02時50分
鹿教湯,0.0,2020年07月23日02時50分
立科,0.0,2020年07月23日02時50分
佐久,0.0,2020年07月23日02時50分
白樺湖,0.0,2020年07月23日02時50分
奈川,0.0,2020年07月23日02時50分
諏訪,0.0,2020年07月23日02時50分
北相木,0.0,2020年07月23日02時50分
開田高原,1.5,2020年07月23日02時50分
木祖薮原,0.0,2020年07月23日02時50分
辰野,0.0,2020年07月23日02時50分
高遠,0.0,2020年07月23日02時50分
原村,0.0,2020年07月23日02時50分
野辺山,0.0,2020年07月23日02時50分
御嶽山,4.0,2020年07月23日02時50分
木曽福島,1.5,2020年07月23日02時50分
伊那,0.0,2020年07月23日02時50分
宮田高原,0.0,2020年07月23日02時50分
杉島,0.0,2020年07月23日02時50分
須原,3.0,2020年07月23日02時50分
南木曽,1.5,2020年07月23日02時50分
飯島,0.5,2020年07月23日02時50分
大鹿,0.0,2020年07月23日02時50分
飯田,0.0,2020年07月23日02時50分
浪合,0.0,2020年07月23日02時50分
阿南,0.0,2020年07月23日02時50分
南信濃,0.0,2020年07月23日02時50分
大泉,0.0,2020年07月23日02時50分
乙女湖,0.0,2020年07月23日02時50分
韮崎,0.0,2020年07月23日02時50分
甲府,0.0,2020年07月23日02時50分
勝沼,0.0,2020年07月23日02時50分
大月,0.0,2020年07月23日02時50分
上野原,0.0,2020年07月23日02時50分
富士川,0.0,2020年07月23日02時50分
古関,0.0,2020年07月23日02時50分
切石,0.0,2020年07月23日02時50分
河口湖,0.0,2020年07月23日02時50分
山中,0.0,2020年07月23日02時50分
南部,0.0,2020年07月23日02時50分
白糸,0.0,2020年07月23日02時50分
井川,0.0,2020年07月23日02時50分
有東木,0.0,2020年07月23日02時50分
御殿場,0.0,2020年07月23日02時50分
富士,0.0,2020年07月23日02時50分
三島,0.0,2020年07月23日02時50分
佐久間,0.0,2020年07月23日02時50分
春野,0.0,2020年07月23日02時50分
川根本町,0.0,2020年07月23日02時50分
鍵穴,0.0,2020年07月23日02時50分
清水,0.0,2020年07月23日02時50分
網代,0.0,2020年07月23日02時50分
熊,0.0,2020年07月23日02時50分
高根山,0.0,2020年07月23日02時50分
静岡,0.0,2020年07月23日02時50分
三ヶ日,0.0,2020年07月23日02時50分
天竜,0.0,2020年07月23日02時50分
三倉,0.0,2020年07月23日02時50分
土肥,0.0,2020年07月23日02時50分
湯ケ島,0.0,2020年07月23日02時50分
天城山,0.0,2020年07月23日02時50分
浜松,0.0,2020年07月23日02時50分
掛川,0.0,2020年07月23日02時50分
菊川牧之原,0.0,2020年07月23日02時50分
静岡空港,0.0,2020年07月23日02時50分
松崎,0.0,2020年07月23日02時50分
稲取,0.0,2020年07月23日02時50分
磐田,0.0,2020年07月23日02時50分
御前崎,0.0,2020年07月23日02時50分
石廊崎,0.0,2020年07月23日02時50分
一宮,0.0,2020年07月23日02時50分
愛西,0.0,2020年07月23日02時50分
小原,0.0,2020年07月23日02時50分
稲武,0.0,2020年07月23日02時50分
茶臼山,0.0,2020年07月23日02時50分
蟹江,0.0,2020年07月23日02時50分
名古屋,0.0,2020年07月23日02時50分
豊田,0.0,2020年07月23日02時50分
阿蔵,0.0,2020年07月23日02時50分
大府,0.0,2020年07月23日02時50分
岡崎,0.0,2020年07月23日02時50分
作手,0.0,2020年07月23日02時50分
新城,0.0,2020年07月23日02時50分
セントレア,0.0,2020年07月23日02時50分
一色,0.0,2020年07月23日02時50分
蒲郡,0.0,2020年07月23日02時50分
南知多,0.0,2020年07月23日02時50分
豊橋,0.0,2020年07月23日02時50分
伊良湖,0.0,2020年07月23日02時50分
田原,0.0,2020年07月23日02時50分
河合,3.0,2020年07月23日02時50分
神岡,1.0,2020年07月23日02時50分
白川,4.0,2020年07月23日02時50分
栃尾,0.5,2020年07月23日02時50分
御母衣,4.5,2020年07月23日02時50分
清見,4.0,2020年07月23日02時50分
高山,6.5,2020年07月23日02時50分
丹生川,3.0,2020年07月23日02時50分
ひるがの,3.0,2020年07月23日02時50分
六厩,3.5,2020年07月23日02時50分
船山,10.0,2020年07月23日02時50分
宮之前,8.0,2020年07月23日02時50分
長滝,1.0,2020年07月23日02時50分
萩原,2.0,2020年07月23日02時50分
関市板取,0.0,2020年07月23日02時50分
八幡,0.0,2020年07月23日02時50分
宮地,2.0,2020年07月23日02時50分
樽見,0.0,2020年07月23日02時50分
金山,0.5,2020年07月23日02時50分
付知,3.0,2020年07月23日02時50分
美濃,0.0,2020年07月23日02時50分
伽藍,0.0,2020年07月23日02時50分
黒川,,2020年07月23日02時50分
揖斐川,0.0,2020年07月23日02時50分
美濃加茂,0.0,2020年07月23日02時50分
恵那,0.0,2020年07月23日02時50分
中津川,0.5,2020年07月23日02時50分
関ケ原,0.0,2020年07月23日02時50分
大垣,0.0,2020年07月23日02時50分
岐阜,0.0,2020年07月23日02時50分
多治見,0.0,2020年07月23日02時50分
上石津,0.0,2020年07月23日02時50分
北勢,0.0,2020年07月23日02時50分
桑名,0.0,2020年07月23日02時50分
四日市,0.0,2020年07月23日02時50分
亀山,0.0,2020年07月23日02時50分
上野,0.0,2020年07月23日02時50分
笠取山,0.0,2020年07月23日02時50分
津,0.0,2020年07月23日02時50分
名張,0.0,2020年07月23日02時50分
白山,0.0,2020年07月23日02時50分
小俣,0.0,2020年07月23日02時50分
粥見,0.0,2020年07月23日02時50分
鳥羽,0.0,2020年07月23日02時50分
藤坂峠,0.0,2020年07月23日02時50分
南伊勢,0.0,2020年07月23日02時50分
阿児,0.0,2020年07月23日02時50分
宮川,0.0,2020年07月23日02時50分
紀伊長島,0.0,2020年07月23日02時50分
尾鷲,0.0,2020年07月23日02時50分
熊野新鹿,0.0,2020年07月23日02時50分
御浜,0.0,2020年07月23日02時50分
粟島,0.0,2020年07月23日02時50分
弾崎,0.0,2020年07月23日02時50分
高根,0.5,2020年07月23日02時50分
村上,0.0,2020年07月23日02時50分
三面,0.0,2020年07月23日02時50分
相川,0.0,2020年07月23日02時50分
両津,0.0,2020年07月23日02時50分
秋津,0.0,2020年07月23日02時50分
中条,0.0,2020年07月23日02時50分
下関,0.0,2020年07月23日02時50分
新潟,0.0,2020年07月23日02時50分
松浜,0.0,2020年07月23日02時50分
羽茂,0.0,2020年07月23日02時50分
新津,0.0,2020年07月23日02時50分
瓢湖,0.0,2020年07月23日02時50分
赤谷,0.0,2020年07月23日02時50分
巻,0.0,2020年07月23日02時50分
寺泊,0.0,2020年07月23日02時50分
三条,0.0,2020年07月23日02時50分
村松,0.0,2020年07月23日02時50分
津川,0.0,2020年07月23日02時50分
宮寄上,0.0,2020年07月23日02時50分
室谷,0.0,2020年07月23日02時50分
長岡,0.0,2020年07月23日02時50分
栃尾,0.0,2020年07月23日02時50分
柏崎,0.0,2020年07月23日02時50分
守門,0.0,2020年07月23日02時50分
大潟,0.0,2020年07月23日02時50分
小国,0.0,2020年07月23日02時50分
小出,0.0,2020年07月23日02時50分
大湯,0.0,2020年07月23日02時50分
高田,0.0,2020年07月23日02時50分
安塚,0.0,2020年07月23日02時50分
川谷,0.0,2020年07月23日02時50分
松代,0.0,2020年07月23日02時50分
十日町,0.0,2020年07月23日02時50分
糸魚川,0.0,2020年07月23日02時50分
能生,0.0,2020年07月23日02時50分
筒方,0.0,2020年07月23日02時50分
塩沢,0.0,2020年07月23日02時50分
関山,0.0,2020年07月23日02時50分
津南,0.0,2020年07月23日02時50分
湯沢,0.0,2020年07月23日02時50分
平岩,0.0,2020年07月23日02時50分
樽本,0.0,2020年07月23日02時50分
朝日,0.0,2020年07月23日02時50分
氷見,0.0,2020年07月23日02時50分
魚津,0.0,2020年07月23日02時50分
宇奈月,0.0,2020年07月23日02時50分
伏木,0.0,2020年07月23日02時50分
富山,0.0,2020年07月23日02時50分
砺波,0.5,2020年07月23日02時50分
秋ヶ島,0.0,2020年07月23日02時50分
大山,0.0,2020年07月23日02時50分
上市,0.0,2020年07月23日02時50分
南砺高宮,0.5,2020年07月23日02時50分
八尾,1.5,2020年07月23日02時50分
立山芦峅,0.0,2020年07月23日02時50分
五箇山,1.5,2020年07月23日02時50分
猪谷,1.0,2020年07月23日02時50分
珠洲,0.0,2020年07月23日02時50分
輪島,0.0,2020年07月23日02時50分
門前,0.0,2020年07月23日02時50分
三井,0.0,2020年07月23日02時50分
志賀,0.0,2020年07月23日02時50分
七尾,0.0,2020年07月23日02時50分
羽咋,0.0,2020年07月23日02時50分
かほく,3.0,2020年07月23日02時50分
宝達志水,5.0,2020年07月23日02時50分
金沢,1.5,2020年07月23日02時50分
医王山,1.0,2020年07月23日02時50分
小松,0.0,2020年07月23日02時50分
白山河内,0.5,2020年07月23日02時50分
加賀菅谷,0.5,2020年07月23日02時50分
白山白峰,1.5,2020年07月23日02時50分
舳倉島,0.0,2020年07月23日02時50分
三国,0.0,2020年07月23日02時50分
春江,0.0,2020年07月23日02時50分
越廼,0.0,2020年07月23日02時50分
福井,0.5,2020年07月23日02時50分
美山,0.5,2020年07月23日02時50分
勝山,1.0,2020年07月23日02時50分
武生,0.0,2020年07月23日02時50分
大野,0.5,2020年07月23日02時50分
九頭竜,0.5,2020年07月23日02時50分
今庄,1.0,2020年07月23日02時50分
敦賀,0.5,2020年07月23日02時50分
美浜,0.5,2020年07月23日02時50分
大飯,0.0,2020年07月23日02時50分
小浜,0.0,2020年07月23日02時50分
柳ケ瀬,0.5,2020年07月23日02時50分
今津,0.0,2020年07月23日02時50分
長浜,0.0,2020年07月23日02時50分
朽木平良,0.0,2020年07月23日02時50分
米原,0.0,2020年07月23日02時50分
南小松,0.0,2020年07月23日02時50分
彦根,0.0,2020年07月23日02時50分
近江八幡,0.0,2020年07月23日02時50分
東近江,0.0,2020年07月23日02時50分
大津,0.0,2020年07月23日02時50分
信楽,0.0,2020年07月23日02時50分
土山,0.0,2020年07月23日02時50分
間人,2.5,2020年07月23日02時50分
峰山,0.0,2020年07月23日02時50分
宮津,0.5,2020年07月23日02時50分
坂浦,0.0,2020年07月23日02時50分
舞鶴,0.0,2020年07月23日02時50分
睦寄,0.0,2020年07月23日02時50分
福知山,0.0,2020年07月23日02時50分
綾部,0.0,2020年07月23日02時50分
三和,0.0,2020年07月23日02時50分
本庄,0.0,2020年07月23日02時50分
美山,0.0,2020年07月23日02時50分
須知,0.0,2020年07月23日02時50分
園部,0.0,2020年07月23日02時50分
京北,0.0,2020年07月23日02時50分
京都,0.0,2020年07月23日02時50分
長岡京,0.0,2020年07月23日02時50分
京田辺,0.0,2020年07月23日02時50分
能勢,0.0,2020年07月23日02時50分
茨木,0.0,2020年07月23日02時50分
枚方,0.0,2020年07月23日02時50分
豊中,0.0,2020年07月23日02時50分
大阪,0.0,2020年07月23日02時50分
生駒山,0.0,2020年07月23日02時50分
堺,0.0,2020年07月23日02時50分
八尾,0.0,2020年07月23日02時50分
関空島,0.0,2020年07月23日02時50分
河内長野,0.0,2020年07月23日02時50分
熊取,0.0,2020年07月23日02時50分
香住,0.5,2020年07月23日02時50分
温泉,0.0,2020年07月23日02時50分
豊岡,0.0,2020年07月23日02時50分
兎和野高原,0.0,2020年07月23日02時50分
大屋,0.0,2020年07月23日02時50分
八鹿,0.0,2020年07月23日02時50分
和田山,0.0,2020年07月23日02時50分
生野,0.0,2020年07月23日02時50分
柏原,0.0,2020年07月23日02時50分
佐用,0.0,2020年07月23日02時50分
一宮,0.0,2020年07月23日02時50分
福崎,0.0,2020年07月23日02時50分
西脇,0.0,2020年07月23日02時50分
後川,0.0,2020年07月23日02時50分
上郡,0.0,2020年07月23日02時50分
姫路,0.0,2020年07月23日02時50分
三田,0.0,2020年07月23日02時50分
三木,0.0,2020年07月23日02時50分
西宮,0.0,2020年07月23日02時50分
家島,0.0,2020年07月23日02時50分
明石,0.0,2020年07月23日02時50分
神戸空港,0.0,2020年07月23日02時50分
神戸,0.0,2020年07月23日02時50分
郡家,0.0,2020年07月23日02時50分
洲本,0.0,2020年07月23日02時50分
南淡,0.0,2020年07月23日02時50分
奈良,0.0,2020年07月23日02時50分
針,0.0,2020年07月23日02時50分
田原本,0.0,2020年07月23日02時50分
曽爾,0.0,2020年07月23日02時50分
葛城,0.0,2020年07月23日02時50分
大宇陀,0.0,2020年07月23日02時50分
五條,0.0,2020年07月23日02時50分
吉野,0.0,2020年07月23日02時50分
天川,0.0,2020年07月23日02時50分
上北山,0.0,2020年07月23日02時50分
風屋,0.0,2020年07月23日02時50分
下北山,0.0,2020年07月23日02時50分
玉置山,0.0,2020年07月23日02時50分
葛城山,0.0,2020年07月23日02時50分
かつらぎ,0.0,2020年07月23日02時50分
友ケ島,0.0,2020年07月23日02時50分
和歌山,0.0,2020年07月23日02時50分
高野山,0.0,2020年07月23日02時50分
湯浅,0.0,2020年07月23日02時50分
清水,0.0,2020年07月23日02時50分
護摩壇山,0.0,2020年07月23日02時50分
龍神,0.0,2020年07月23日02時50分
川辺,0.0,2020年07月23日02時50分
本宮,0.0,2020年07月23日02時50分
栗栖川,0.0,2020年07月23日02時50分
新宮,0.0,2020年07月23日02時50分
南紀白浜,0.0,2020年07月23日02時50分
西川,0.0,2020年07月23日02時50分
色川,0.0,2020年07月23日02時50分
日置川,0.0,2020年07月23日02時50分
潮岬,0.0,2020年07月23日02時50分
上長田,0.5,2020年07月23日02時50分
恩原,0.0,2020年07月23日02時50分
千屋,0.0,2020年07月23日02時50分
富,0.0,2020年07月23日02時50分
奈義,0.0,2020年07月23日02時50分
今岡,0.0,2020年07月23日02時50分
久世,0.0,2020年07月23日02時50分
津山,0.0,2020年07月23日02時50分
新見,0.0,2020年07月23日02時50分
下呰部,0.0,2020年07月23日02時50分
旭西,0.0,2020年07月23日02時50分
赤磐,0.0,2020年07月23日02時50分
陣山,0.0,2020年07月23日02時50分
吉備中央,0.0,2020年07月23日02時50分
福渡,0.0,2020年07月23日02時50分
和気,0.0,2020年07月23日02時50分
高梁,0.0,2020年07月23日02時50分
日応寺,0.0,2020年07月23日02時50分
佐屋,0.0,2020年07月23日02時50分
矢掛,0.0,2020年07月23日02時50分
岡山,0.0,2020年07月23日02時50分
虫明,0.0,2020年07月23日02時50分
倉敷,0.0,2020年07月23日02時50分
笠岡,0.0,2020年07月23日02時50分
玉野,0.0,2020年07月23日02時50分
高野,0.5,2020年07月23日02時50分
道後山,0.0,2020年07月23日02時50分
君田,0.0,2020年07月23日02時50分
三次,0.0,2020年07月23日02時50分
庄原,0.0,2020年07月23日02時50分
東城,0.0,2020年07月23日02時50分
八幡,0.0,2020年07月23日02時50分
大朝,0.0,2020年07月23日02時50分
美土里,0.0,2020年07月23日02時50分
油木,0.0,2020年07月23日02時50分
王泊,0.0,2020年07月23日02時50分
加計,0.0,2020年07月23日02時50分
都志見,0.0,2020年07月23日02時50分
甲田,0.0,2020年07月23日02時50分
上下,0.0,2020年07月23日02時50分
内黒山,0.0,2020年07月23日02時50分
三入,0.0,2020年07月23日02時50分
安宿,0.0,2020年07月23日02時50分
世羅,0.0,2020年07月23日02時50分
府中,0.0,2020年07月23日02時50分
佐伯湯来,0.0,2020年07月23日02時50分
志和,0.0,2020年07月23日02時50分
東広島,0.0,2020年07月23日02時50分
本郷,0.0,2020年07月23日02時50分
福山,0.0,2020年07月23日02時50分
廿日市津田,0.0,2020年07月23日02時50分
広島,0.0,2020年07月23日02時50分
竹原,0.0,2020年07月23日02時50分
生口島,0.0,2020年07月23日02時50分
大竹,0.0,2020年07月23日02時50分
呉,0.0,2020年07月23日02時50分
倉橋,0.0,2020年07月23日02時50分
呉市蒲刈,0.0,2020年07月23日02時50分
西郷,0.5,2020年07月23日02時50分
西郷岬,0.0,2020年07月23日02時50分
海士,0.0,2020年07月23日02時50分
鹿島,0.5,2020年07月23日02時50分
斐川,0.0,2020年07月23日02時50分
松江,1.0,2020年07月23日02時50分
出雲,0.0,2020年07月23日02時50分
大東,1.5,2020年07月23日02時50分
伯太,1.0,2020年07月23日02時50分
佐田,2.0,2020年07月23日02時50分
大田,1.5,2020年07月23日02時50分
掛合,0.5,2020年07月23日02時50分
横田,0.0,2020年07月23日02時50分
福光,2.0,2020年07月23日02時50分
赤名,1.0,2020年07月23日02時50分
桜江,3.5,2020年07月23日02時50分
川本,1.0,2020年07月23日02時50分
浜田,9.5,2020年07月23日02時50分
瑞穂,0.0,2020年07月23日02時50分
三隅,0.0,2020年07月23日02時50分
弥栄,0.0,2020年07月23日02時50分
波佐,0.0,2020年07月23日02時50分
高津,0.0,2020年07月23日02時50分
益田,0.0,2020年07月23日02時50分
匹見,0.0,2020年07月23日02時50分
津和野,0.0,2020年07月23日02時50分
吉賀,0.0,2020年07月23日02時50分
境,1.5,2020年07月23日02時50分
塩津,1.0,2020年07月23日02時50分
青谷,0.0,2020年07月23日02時50分
湖山,0.0,2020年07月23日02時50分
岩井,0.0,2020年07月23日02時50分
米子,1.0,2020年07月23日02時50分
倉吉,0.5,2020年07月23日02時50分
鹿野,0.0,2020年07月23日02時50分
鳥取,0.0,2020年07月23日02時50分
大山,1.5,2020年07月23日02時50分
関金,0.0,2020年07月23日02時50分
佐治,0.0,2020年07月23日02時50分
若桜,0.0,2020年07月23日02時50分
江尾,0.0,2020年07月23日02時50分
智頭,0.0,2020年07月23日02時50分
茶屋,0.0,2020年07月23日02時50分
池田,0.0,2020年07月23日02時50分
穴吹,0.0,2020年07月23日02時50分
徳島,0.0,2020年07月23日02時50分
半田,0.0,2020年07月23日02時50分
京上,0.0,2020年07月23日02時50分
福原旭,0.0,2020年07月23日02時50分
蒲生田,0.0,2020年07月23日02時50分
木頭,0.0,2020年07月23日02時50分
日和佐,0.0,2020年07月23日02時50分
海陽,0.0,2020年07月23日02時50分
内海,0.0,2020年07月23日02時50分
高松,0.0,2020年07月23日02時50分
多度津,0.0,2020年07月23日02時50分
滝宮,0.0,2020年07月23日02時50分
香南,0.0,2020年07月23日02時50分
引田,0.0,2020年07月23日02時50分
財田,0.0,2020年07月23日02時50分
竜王山,0.0,2020年07月23日02時50分
大三島,0.0,2020年07月23日02時50分
玉川,0.0,2020年07月23日02時50分
今治,0.0,2020年07月23日02時50分
西条,0.0,2020年07月23日02時50分
新居浜,0.0,2020年07月23日02時50分
四国中央,0.0,2020年07月23日02時50分
富郷,0.0,2020年07月23日02時50分
松山,0.0,2020年07月23日02時50分
松山南吉田,0.0,2020年07月23日02時50分
上林,0.0,2020年07月23日02時50分
成就社,0.0,2020年07月23日02時50分
長浜,0.0,2020年07月23日02時50分
中山,0.0,2020年07月23日02時50分
久万,0.0,2020年07月23日02時50分
大洲,0.0,2020年07月23日02時50分
獅子越峠,0.0,2020年07月23日02時50分
瀬戸,0.0,2020年07月23日02時50分
八幡浜,0.0,2020年07月23日02時50分
宇和,0.0,2020年07月23日02時50分
宇和島,0.0,2020年07月23日02時50分
近永,0.0,2020年07月23日02時50分
御荘,0.0,2020年07月23日02時50分
本川,0.0,2020年07月23日02時50分
本山,0.0,2020年07月23日02時50分
池川,0.0,2020年07月23日02時50分
繁藤,0.0,2020年07月23日02時50分
大栃,0.0,2020年07月23日02時50分
魚梁瀬,0.0,2020年07月23日02時50分
佐川,0.0,2020年07月23日02時50分
高知,0.0,2020年07月23日02時50分
後免,0.0,2020年07月23日02時50分
南国日章,0.0,2020年07月23日02時50分
船戸,0.0,2020年07月23日02時50分
鳥形山,0.0,2020年07月23日02時50分
安芸,0.0,2020年07月23日02時50分
田野,0.0,2020年07月23日02時50分
梼原,0.5,2020年07月23日02時50分
須崎,0.0,2020年07月23日02時50分
佐喜浜,0.0,2020年07月23日02時50分
窪川,0.0,2020年07月23日02時50分
室戸岬,0.0,2020年07月23日02時50分
江川崎,0.0,2020年07月23日02時50分
大正,0.0,2020年07月23日02時50分
佐賀,0.0,2020年07月23日02時50分
宿毛,0.0,2020年07月23日02時50分
中村,0.0,2020年07月23日02時50分
三崎,0.0,2020年07月23日02時50分
清水,0.0,2020年07月23日02時50分
須佐,0.0,2020年07月23日02時50分
萩,0.0,2020年07月23日02時50分
油谷,0.0,2020年07月23日02時50分
篠生,0.0,2020年07月23日02時50分
徳佐,0.0,2020年07月23日02時50分
羅漢山,0.0,2020年07月23日02時50分
秋吉台,0.0,2020年07月23日02時50分
鹿野,0.0,2020年07月23日02時50分
広瀬,0.0,2020年07月23日02時50分
豊田,0.0,2020年07月23日02時50分
東厚保,0.0,2020年07月23日02時50分
山口,0.0,2020年07月23日02時50分
和田,0.0,2020年07月23日02時50分
岩国,0.0,2020年07月23日02時50分
防府,0.0,2020年07月23日02時50分
下松,0.0,2020年07月23日02時50分
玖珂,0.0,2020年07月23日02時50分
下関,0.0,2020年07月23日02時50分
宇部,0.0,2020年07月23日02時50分
柳井,0.0,2020年07月23日02時50分
安下庄,0.0,2020年07月23日02時50分
小呂島,0.0,2020年07月23日02時50分
宗像,0.0,2020年07月23日02時50分
八幡,0.5,2020年07月23日02時50分
空港北町,0.0,2020年07月23日02時50分
東谷,0.0,2020年07月23日02時50分
行橋,0.0,2020年07月23日02時50分
飯塚,0.0,2020年07月23日02時50分
前原,0.0,2020年07月23日02時50分
福岡,0.0,2020年07月23日02時50分
博多,0.0,2020年07月23日02時50分
太宰府,0.0,2020年07月23日02時50分
添田,0.0,2020年07月23日02時50分
早良脇山,0.0,2020年07月23日02時50分
朝倉,0.0,2020年07月23日02時50分
英彦山,0.0,2020年07月23日02時50分
久留米,0.0,2020年07月23日02時50分
耳納山,0.0,2020年07月23日02時50分
黒木,0.0,2020年07月23日02時50分
柳川,0.0,2020年07月23日02時50分
大牟田,0.0,2020年07月23日02時50分
国見,0.0,2020年07月23日02時50分
中津,0.0,2020年07月23日02時50分
豊後高田,0.0,2020年07月23日02時50分
耶馬渓,0.0,2020年07月23日02時50分
院内,0.0,2020年07月23日02時50分
杵築,0.0,2020年07月23日02時50分
武蔵,0.0,2020年07月23日02時50分
日田,0.0,2020年07月23日02時50分
玖珠,0.0,2020年07月23日02時50分
湯布院,0.0,2020年07月23日02時50分
大分,0.0,2020年07月23日02時50分
佐賀関,0.0,2020年07月23日02時50分
椿ヶ鼻,0.0,2020年07月23日02時50分
臼杵,0.0,2020年07月23日02時50分
犬飼,0.0,2020年07月23日02時50分
竹田,0.0,2020年07月23日02時50分
佐伯,0.0,2020年07月23日02時50分
宇目,0.0,2020年07月23日02時50分
蒲江,0.0,2020年07月23日02時50分
鰐浦,0.0,2020年07月23日02時50分
厳原,0.0,2020年07月23日02時50分
美津島,0.0,2020年07月23日02時50分
芦辺,0.0,2020年07月23日02時50分
石田,0.0,2020年07月23日02時50分
平戸,0.0,2020年07月23日02時50分
松浦,0.0,2020年07月23日02時50分
佐世保,0.0,2020年07月23日02時50分
有川,0.0,2020年07月23日02時50分
大瀬戸,0.0,2020年07月23日02時50分
長浦岳,,2020年07月23日02時50分
大村,0.0,2020年07月23日02時50分
諫早,0.0,2020年07月23日02時50分
長崎,0.0,2020年07月23日02時50分
雲仙岳,0.0,2020年07月23日02時50分
島原,0.0,2020年07月23日02時50分
福江,0.0,2020年07月23日02時50分
上大津,0.0,2020年07月23日02時50分
口之津,0.0,2020年07月23日02時50分
野母崎,0.0,2020年07月23日02時50分
唐津,0.0,2020年07月23日02時50分
北山,0.0,2020年07月23日02時50分
鳥栖,0.0,2020年07月23日02時50分
伊万里,0.0,2020年07月23日02時50分
大町,0.0,2020年07月23日02時50分
佐賀,0.0,2020年07月23日02時50分
嬉野,0.0,2020年07月23日02時50分
白石,0.0,2020年07月23日02時50分
川副,0.0,2020年07月23日02時50分
鹿北,0.0,2020年07月23日02時50分
南小国,0.0,2020年07月23日02時50分
岱明,0.0,2020年07月23日02時50分
菊池,0.0,2020年07月23日02時50分
阿蘇乙姫,0.0,2020年07月23日02時50分
熊本,0.0,2020年07月23日02時50分
益城,0.0,2020年07月23日02時50分
南阿蘇,0.0,2020年07月23日02時50分
高森,0.0,2020年07月23日02時50分
宇土,0.0,2020年07月23日02時50分
山都,0.0,2020年07月23日02時50分
三角,0.0,2020年07月23日02時50分
甲佐,0.0,2020年07月23日02時50分
松島,0.0,2020年07月23日02時50分
本渡,0.0,2020年07月23日02時50分
八代,0.0,2020年07月23日02時50分
田浦,0.0,2020年07月23日02時50分
山江,0.0,2020年07月23日02時50分
五木,0.0,2020年07月23日02時50分
水俣,0.0,2020年07月23日02時50分
一勝地,0.0,2020年07月23日02時50分
人吉,0.0,2020年07月23日02時50分
上,0.0,2020年07月23日02時50分
多良木,0.0,2020年07月23日02時50分
湯前横谷,0.0,2020年07月23日02時50分
牛深,0.0,2020年07月23日02時50分
高千穂,0.0,2020年07月23日02時50分
古江,0.0,2020年07月23日02時50分
鞍岡,0.0,2020年07月23日02時50分
日之影,0.0,2020年07月23日02時50分
諸塚,0.0,2020年07月23日02時50分
北方,0.0,2020年07月23日02時50分
延岡,0.0,2020年07月23日02時50分
椎葉,0.0,2020年07月23日02時50分
日向,0.0,2020年07月23日02時50分
神門,0.0,2020年07月23日02時50分
西米良,0.0,2020年07月23日02時50分
都農,0.0,2020年07月23日02時50分
高鍋,0.0,2020年07月23日02時50分
加久藤,0.0,2020年07月23日02時50分
西都,0.0,2020年07月23日02時50分
えびの,0.0,2020年07月23日02時50分
小林,0.0,2020年07月23日02時50分
野尻,0.0,2020年07月23日02時50分
国富,0.0,2020年07月23日02時50分
宮崎,0.0,2020年07月23日02時50分
田野,0.0,2020年07月23日02時50分
赤江,0.0,2020年07月23日02時50分
都城,0.0,2020年07月23日02時50分
深瀬,0.0,2020年07月23日02時50分
油津,0.0,2020年07月23日02時50分
串間,0.0,2020年07月23日02時50分
阿久根,0.0,2020年07月23日02時50分
出水,0.0,2020年07月23日02時50分
大口,0.0,2020年07月23日02時50分
紫尾山,0.0,2020年07月23日02時50分
さつま柏原,0.0,2020年07月23日02時50分
中甑,0.0,2020年07月23日02時50分
川内,0.0,2020年07月23日02時50分
溝辺,0.0,2020年07月23日02時50分
八重山,0.0,2020年07月23日02時50分
東市来,0.0,2020年07月23日02時50分
牧之原,0.0,2020年07月23日02時50分
鹿児島,0.0,2020年07月23日02時50分
輝北,0.0,2020年07月23日02時50分
大隅,0.0,2020年07月23日02時50分
加世田,0.0,2020年07月23日02時50分
吉ケ別府,0.0,2020年07月23日02時50分
志布志,0.0,2020年07月23日02時50分
喜入,0.0,2020年07月23日02時50分
鹿屋,0.0,2020年07月23日02時50分
肝付前田,0.0,2020年07月23日02時50分
枕崎,0.0,2020年07月23日02時50分
指宿,0.0,2020年07月23日02時50分
内之浦,0.0,2020年07月23日02時50分
田代,0.0,2020年07月23日02時50分
佐多,0.0,2020年07月23日02時50分
種子島,0.0,2020年07月23日02時50分
中種子,0.0,2020年07月23日02時50分
上中,0.0,2020年07月23日02時50分
屋久島,0.0,2020年07月23日02時50分
尾之間,0.0,2020年07月23日02時50分
中之島,0.0,2020年07月23日02時50分
平島,0.0,2020年07月23日02時50分
諏訪之瀬島,0.0,2020年07月23日02時50分
小宝島,0.0,2020年07月23日02時50分
宝島,0.0,2020年07月23日02時50分
笠利,0.0,2020年07月23日02時50分
名瀬,0.0,2020年07月23日02時50分
喜界島,0.0,2020年07月23日02時50分
古仁屋,0.0,2020年07月23日02時50分
天城,0.0,2020年07月23日02時50分
伊仙,0.0,2020年07月23日02時50分
沖永良部,0.0,2020年07月23日02時50分
与論島,0.0,2020年07月23日02時50分
伊是名,0.0,2020年07月23日02時50分
奥,0.0,2020年07月23日02時50分
国頭,0.0,2020年07月23日02時50分
本部,0.0,2020年07月23日02時50分
東,0.0,2020年07月23日02時50分
粟国,0.0,2020年07月23日02時50分
名護,0.0,2020年07月23日02時50分
読谷,0.0,2020年07月23日02時50分
北原,0.0,2020年07月23日02時50分
久米島,0.0,2020年07月23日02時50分
渡名喜,0.0,2020年07月23日02時50分
胡屋,0.0,2020年07月23日02時50分
宮城島,0.0,2020年07月23日02時50分
渡嘉敷,0.0,2020年07月23日02時50分
那覇,0.0,2020年07月23日02時50分
安次嶺,0.0,2020年07月23日02時50分
糸数,0.0,2020年07月23日02時50分
北大東,0.0,2020年07月23日02時50分
南大東,0.0,2020年07月23日02時50分
旧東,0.0,2020年07月23日02時50分
下地島,0.0,2020年07月23日02時50分
宮古島,0.0,2020年07月23日02時50分
鏡原,0.0,2020年07月23日02時50分
城辺,0.0,2020年07月23日02時50分
仲筋,0.0,2020年07月23日02時50分
伊原間,0.0,2020年07月23日02時50分
所野,0.0,2020年07月23日02時50分
与那国島,0.0,2020年07月23日02時50分
川平,0.0,2020年07月23日02時50分
西表島,0.0,2020年07月23日02時50分
石垣島,0.0,2020年07月23日02時50分
盛山,0.0,2020年07月23日02時50分
大原,0.0,2020年07月23日02時50分
波照間,0.0,2020年07月23日02時50分
None,,None年None月None日None時None分
